{"cameraMode":{"drawMode":0,"name":"Shaded","section":"Shading Mode"},"sceneLighting":true,"audioPlay":false,"sceneViewState":{"showFog":true,"showMaterialUpdate":false,"showSkybox":true,"showFlares":true,"showImageEffects":true,"showParticleSystems":true},"in2DMode":false,"pivot":{"x":424.942626953125,"y":205.5287322998047,"z":-1.71435546875},"rotation":{"x":-0.055174168199300769,"y":-0.023966625332832338,"z":0.0014870085287839175,"w":-0.9982525110244751},"size":453.5968017578125,"orthographic":false}