{"cameraMode":{"drawMode":0,"name":"Shaded","section":"Shading Mode"},"sceneLighting":true,"audioPlay":false,"sceneViewState":{"showFog":true,"showMaterialUpdate":false,"showSkybox":true,"showFlares":true,"showImageEffects":true,"showParticleSystems":true},"in2DMode":false,"pivot":{"x":4.925695419311523,"y":-5.378471374511719,"z":13.98745346069336},"rotation":{"x":-0.1377827525138855,"y":-0.11706527322530747,"z":0.0165754072368145,"w":-0.9834356904029846},"size":37.08319854736328,"orthographic":false}